name,hwid,expiration_time
zxcvab,69be67a8f1af549e9ad9e962d2f79b43742c67d63a9a075fbcbacc092547e2b0,1749031601
la,df79e09e72a36c91045e6be9419489239a589b2269dd4851aaf2fcf21eb7eaf2,1749400204
shion,ceed6921c0fff144ccd23a1220c4e429ea3a4d301715b90b1c17bbf0085ddaa2,1749383566
gael,da734db8a05277d6892aa89bf05b446337102fc49da3fa2dafbad71e80071e7e,1749115962
bullshi,89e00db20730510bbe7319eeef258d897b7229999b7247c9f5445046aeea3340,1749115997
jerald,74e891e974e32fb9b92bbadd272561901dde9c4d9f598b690bf590910cfc548a,1749467177
la2,dd879474ea0bad28a4bdd658240e3f77dd1a4b8c66858f6512dad62d01a4c962,1749470848
user31,a5e2c14152b3768275b70c1f03b29dcc2bd286d48600b2e233919e02a592ac3d,1751459766
lowhigh,54be92901cc5af59e05feb89bec57189728bc4d12eab6a551850eeeb4ac20385,1749189000
use23,ad048b5f148279931fe95c2d58f721d7ebea558cc333b101ff901caf0b63d40b,1749535167
bloodline,74877811a057f63c055f7bd0c9e6f1c8206763d409ceaf87f36b46183f1624e4,1751967983
user22,ba2ea60db9f1047c3d39d6630867717c93de4d70fe06c34f3f3c9b6c152e5c50,1751544398
skippie,7f9c2886d9f2712c45724796774d3e878c9b7465bf2142d2c4678c5a348c76c0,1751555785
erl,1a156305c03156a351bba19ae10eb96660b19cb3e082f5a185ee9347adb2d987,1749055135
emu,fb1d1d43221e4a4bb770d6c654e63d58875303928914e86673218406d18e0eed,1749580307
daniel,b50eb9f39283e65bbdd4ef2a69d34be1b0aeab46bc82f844a72a19d92b4253eb,1749615955
